Manager,P1,P2,P3,P4,P5,Captain,GW1 Score
Alexa Amesimeku,,,,,,,73
Alfie Foley,Ava Swinfen  —  £7.0m,David Wu  —  £10.5m,Alyza Rai  —  £10.5m,Sophie Barker  —  £13.0m,Edwin Mayers  —  £9.0m,Sophie Barker  —  £13.0m,
Alyza Rai,,,,,,,70
Ava Swinfen,Ava Swinfen  —  £7.0m,Melody Zhaeentan  —  £8.5m,Lia Li  —  £13.0m,Chinedu Chile  —  £11.0m,David Wu  —  £10.5m,Lia Li  —  £13.0m,35
Azlan Husain,Emily Warburton  —  £11.0m,Chinedu Chile  —  £11.0m,Joe Paige  —  £10.5m,Alfie Foley  —  £7.5m,Edwin Mayers  —  £9.0m,Emily Warburton  —  £11.0m,50
Chinedu Chile,Chinedu Chile  —  £11.0m,Alexa Amesimeku  —  £9.5m,David Wu  —  £10.5m,Edwin Mayers  —  £9.0m,Azlan Husain  —  £10.0m,Chinedu Chile  —  £11.0m,60
Daniel Liu,Alyza Rai  —  £10.5m,Ava Swinfen  —  £7.0m,Emily Warburton  —  £11.0m,David Wu  —  £10.5m,Chinedu Chile  —  £11.0m,Emily Warburton  —  £11.0m,
David Wu,Azlan Husain  —  £10.0m,Rebecca Seymour  —  £9.5m,Edwin Mayers  —  £9.0m,Chinedu Chile  —  £11.0m,Joe Paige  —  £10.5m,Edwin Mayers  —  £9.0m,60
Edwin Mayers,Sophie Barker  —  £13.0m,Esme Beston  —  £8.0m,Edwin Mayers  —  £9.0m,Emily Warburton  —  £11.0m,Ava Swinfen  —  £7.0m,Emily Warburton  —  £11.0m,
Emily Warburton,,,,,,,90
Esme Beston,,,,,,,38
Iona Smith,,,,,,,
Joe Paige,Chinedu Chile  —  £11.0m,Joe Paige  —  £10.5m,Alfie Foley  —  £7.5m,Lia Li  —  £13.0m,Oscar Day-Duran  —  £8.0m,Chinedu Chile  —  £11.0m,
Lia Li,,,,,,,55
Melody Zhaeentan,Lia Li  —  £13.0m,Edwin Mayers  —  £9.0m,Rebecca Seymour  —  £9.5m,Joe Paige  —  £10.5m,Xander Meijer  —  £7.0m,Lia Li  —  £13.0m,75
Nina De Saram,,,,,,,75
Oscar Day-Duran,Oscar Day-Duran  —  £8.0m,Chinedu Chile  —  £11.0m,Nina De Saram  —  £10.0m,David Wu  —  £10.5m,Joe Paige  —  £10.5m,Joe Paige  —  £10.5m,
Rebecca Seymour,,,,,,,
Rory Bowman,David Wu  —  £10.5m,Ava Swinfen  —  £7.0m,Alyza Rai  —  £10.5m,Edwin Mayers  —  £9.0m,Lia Li  —  £13.0m,Lia Li  —  £13.0m,25
Sophie Barker,,,,,,,88
Xander Meijer,Lia Li  —  £13.0m,David Wu  —  £10.5m,Ava Swinfen  —  £7.0m,Joe Paige  —  £10.5m,Melody Zhaeentan  —  £8.5m,Lia Li  —  £13.0m,30
